Workbook
Name Access: [1]Validation!$E$2:$E$223
Name AccessCircuit: [1]Validation!$C$2:$C$29
Name ACTION: #REF!
Name CoS: [1]Validation!$G$2:$G$47
Name Countries: [1]Validation!$A$2:$A$301
Name DSLCheckService: [1]Validation!$H$2:$H$4
Name Port: [1]Validation!$F$2:$F$40
Name VancoProducts: [1]Validation!$B$2:$B$4

Sheet Cover
B2: TEST CASE
B3: Version: | C3: 1.0
B4: Issue date: | C4: 46362
B6: Project Name: | C6: CineFlow
B7: Project Code: | C7: https://github.com/quekhoait/CineFlow.git
B10: Record of change:
B11: Effective Date | C11: Version | D11: Change location | E11: Change description | F11: Originator | G11: Reviewer/ Approver | H11: Reference
B12: 14/3/2026 | C12: 1.0 | E12: Create struct directory | F12: Đinh Hưng

Sheet Models
A1: TEST CASE
A3: System Name： | B3: CineFlow
A4: Module Code： | B4: CF_MD01_Models
A5: Test requirement:
A6: Pass | B6: =COUNTIF(J12:J33,"Pass") -> 0 | C6: Pending | D6: =COUNTIF(J10:J752,"Pending") -> 0
A7: Fail | B7: =COUNTIF(J12:J33,"Fail") -> 0 | C7: Number of test cases: | D7: =COUNTIF(A12:A33, "TC*") -> 1
A9: ID | B9: Test Case Description | C9: Test Case Procedure | D9: Expected Results | H9: Actual Results | I9: Test date | J9: Status | K9: Note
A12: 1. Google Login
A13: TC01

Sheet User
A1: TEST CASE
A3: System Name： | B3: CineFlow
A4: Module Code： | B4: CFAPI_MD02_User
A5: Test requirement:
A6: Pass | B6: =COUNTIF(I12:I34,"Pass") -> 0 | C6: Pending | D6: =COUNTIF(I10:I753,"Pending") -> 0
A7: Fail | B7: =COUNTIF(I12:I34,"Fail") -> 0 | C7: Number of test cases: | D7: =COUNTIF(A12:A34, "TC*") -> 18
A9: ID | B9: Test Case Description | C9: Test Case Procedure | D9: Expected Results | G9: Actual Results | H9: Test date | I9: Status | J9: Note
A12: 1. Register bằng Email + OTP
A13: TC01 | B13: Đăng ký thành công | C13: 1. Nhập email -> nhận OTP 2. Nhập đầy đủ thong tin và OTP hợp lệ | D13: Tại tài khoản thành công
A14: TC02 | B14: Thiếu OTP | C14: Không nhập OTP | D14: Báo lỗi "OTP is required"
A15: TC03 | B15: OTP hết hạn hoặc sai | C15: Nhập OTP cũ, OTP đã được gửi trước đó 5 phút hoặc OTP sai | D15: Báo lỗi "OTP has expired or does not exist"
A16: TC04 | B16: Email đã tồn tại | C16: Dùng email đã đăng ký
A17: TC05 | B17: Email sai định dạng | C17: email có dạng: abc
A18: TC06 | B18: Thiếu thuộc tính cần thiết | C18: Không nhập password hoặc username
A19: TC07 | B19: Password sai định dạng | C19: Nhập password có độ dài < 6 hoặc >32 Nhập password không có chữ hoa….
A20: 2. Login bằng Email
A21: TC01 | B21: Login thành công | C21: Nhập đúng email và password
A22: TC02 | B22: Email chưa đăng ký | C22: Nhập email không tồn tại
A23: TC03 | B23: Email sai định dạng
A24: TC04 | B24: Thiếu email | C24: Không nhập email
A25: TC05 | B25: Thiếu password | C25: Không nhập password hoặc username
A26: TC06 | B26: Password sai định dạng | C26: Nhập password có độ dài < 6 hoặc >32 Nhập password không có chữ hoa….
A27: TC07 | B27: Login thất bại | C27: Nhập sai thông tin email hoặc password
A28: 3. Login bằng Google
A29: TC01 | B29: Login bằng Google (user cũ) | C29: Login bằng Google email đã tồn tại | D29: Đăng nhập thành công
A30: TC02 | B30: Login bằng Google (user mới) | C30: Login bằng Google email chưa tồn tại | D30: Tạo accout + đăng nhập
A31: TC3 | B31: Token google gửi sai | C31: Gửi token sai
A32: TC4 | B32: User thoát login | C32: Thoát bên Google

Sheet Film
A1: TEST CASE
A3: System Name： | B3: CineFlow
A4: Module Code： | B4: CFAPI_MD03_Film
A5: Test requirement:
A6: Pass | B6: =COUNTIF(J12:J33,"Pass") -> 0 | C6: Pending | D6: =COUNTIF(J10:J752,"Pending") -> 0
A7: Fail | B7: =COUNTIF(J12:J33,"Fail") -> 0 | C7: Number of test cases: | D7: =COUNTIF(A12:A33, "TC*") -> 1
A9: ID | B9: Test Case Description | C9: Test Case Procedure | D9: Expected Results | H9: Actual Results | I9: Test date | J9: Status | K9: Note
A12: 1. Google Login
A13: TC01

Sheet Test Report
A1: TEST REPORT
B3: Note:
B4: Date
B7: No | C7: Module code | D7: Pass | E7: Fail | F7: Pending | G7: Number of test cases
B8: 1 | C8: =Models!B4 -> CF_MD01_Models | D8: =Models!B6 -> 0 | E8: =Models!B7 -> 0 | F8: =Models!D6 -> 0 | G8: =Models!D7 -> 1
B9: 2 | C9: =User!B4 -> CFAPI_MD02_User | D9: =User!B6 -> 0 | E9: =User!B7 -> 0 | F9: =User!D6 -> 0 | G9: =User!D7 -> 18
B10: 3 | C10: =Film!B4 -> CFAPI_MD03_Film | D10: =Film!B7 -> 0 | E10: =Film!B7 -> 0 | F10: =Film!D6 -> 0 | G10: =Film!D7 -> 1
C19: Sub total | D19: =SUM(D6:D18) -> 0 | E19: =SUM(E6:E18) -> 0 | F19: =SUM(F6:F18) -> 0 | G19: =SUM(G6:G18) -> 20
C21: Test coverage | E21: =(D19+E19)*100/G19 -> 0 | F21: %
C22: Test successful coverage | E22: =D19*100/G19 -> 0 | F22: %
